{"cameraMode":{"drawMode":0,"name":"Shaded","section":"Shading Mode"},"sceneLighting":true,"audioPlay":false,"sceneViewState":{"m_AlwaysRefresh":false,"showFog":true,"showSkybox":true,"showFlares":true,"showImageEffects":true,"showParticleSystems":true,"showVisualEffectGraphs":true,"m_FxEnabled":true},"in2DMode":false,"pivot":{"x":-166.41822814941407,"y":-3.8060483932495119,"z":-40.81204605102539},"rotation":{"x":0.01017171423882246,"y":-0.7830579876899719,"z":0.012992573902010918,"w":0.6218644976615906},"size":85.43751525878906,"orthographic":false}