{"cameraMode":{"drawMode":0,"name":"Shaded","section":"Shading Mode"},"sceneLighting":true,"audioPlay":false,"sceneViewState":{"m_AlwaysRefresh":false,"showFog":true,"showSkybox":true,"showFlares":true,"showImageEffects":true,"showParticleSystems":true,"showVisualEffectGraphs":true,"m_FxEnabled":true},"in2DMode":false,"pivot":{"x":4.9181976318359379,"y":3.609252452850342,"z":-2.384000062942505},"rotation":{"x":0.018885759636759759,"y":0.6169653534889221,"z":-0.014805898070335389,"w":0.7866330742835999},"size":1.2247449159622193,"orthographic":false}